{
    "loss": [
        2.53739070892334,
        2.5123305320739746,
        2.506026029586792,
        2.501945972442627,
        2.5003886222839355,
        2.4996323585510254,
        2.4990909099578857,
        2.4987127780914307,
        2.498804807662964,
        2.4989144802093506,
        2.499272108078003,
        2.499840497970581,
        2.4998204708099365,
        2.499798059463501,
        2.50006103515625,
        2.5002546310424805,
        2.5008792877197266,
        2.500873565673828,
        2.5011332035064697,
        2.5007946491241455,
        2.5007643699645996,
        2.5010857582092285,
        2.500959873199463,
        2.500964403152466,
        2.5007925033569336,
        2.5005550384521484,
        2.5008177757263184,
        2.500826358795166,
        2.5006165504455566,
        2.500919818878174,
        2.500729560852051,
        2.500810146331787,
        2.500648021697998,
        2.500399112701416,
        2.5003509521484375,
        2.5005717277526855,
        2.500497579574585,
        2.5006232261657715,
        2.500398874282837,
        2.5004420280456543,
        2.5002517700195312,
        2.5003106594085693,
        2.500061273574829,
        2.500384569168091,
        2.500220775604248,
        2.500352144241333,
        2.500366449356079,
        2.500579357147217,
        2.500814437866211,
        2.500910520553589
    ],
    "accuracy": [
        0.2664167582988739,
        0.27200227975845337,
        0.27355068922042847,
        0.2742924094200134,
        0.27463799715042114,
        0.27467992901802063,
        0.27486395835876465,
        0.2749028503894806,
        0.2749108076095581,
        0.27487125992774963,
        0.2749106287956238,
        0.27478286623954773,
        0.2748256027698517,
        0.27483880519866943,
        0.2747984230518341,
        0.2746759057044983,
        0.2746241092681885,
        0.274739146232605,
        0.2747524678707123,
        0.2747962176799774,
        0.27473971247673035,
        0.27472350001335144,
        0.27471500635147095,
        0.2746487259864807,
        0.27471423149108887,
        0.27466878294944763,
        0.2747470438480377,
        0.27468636631965637,
        0.2747769355773926,
        0.27485334873199463,
        0.27475327253341675,
        0.2748178541660309,
        0.2747621536254883,
        0.27485668659210205,
        0.274899959564209,
        0.27485278248786926,
        0.27480027079582214,
        0.27482694387435913,
        0.27492448687553406,
        0.2748512923717499,
        0.2748366594314575,
        0.2748922109603882,
        0.274883508682251,
        0.2749280333518982,
        0.27492979168891907,
        0.27496403455734253,
        0.27488192915916443,
        0.2748677432537079,
        0.2749011516571045,
        0.27483394742012024
    ],
    "val_loss": [
        2.8772671222686768,
        2.8985719680786133,
        2.846602201461792,
        2.856811761856079,
        2.841057300567627,
        2.8680012226104736,
        2.8820149898529053,
        2.888911485671997,
        2.828129291534424,
        2.8470876216888428,
        2.8807809352874756,
        2.8548176288604736,
        2.8156769275665283,
        2.8641114234924316,
        2.8730125427246094,
        2.832453966140747,
        2.83296275138855,
        2.8444650173187256,
        2.9088518619537354,
        2.8703393936157227,
        2.8408308029174805,
        2.854856491088867,
        2.8755204677581787,
        2.8298745155334473,
        2.8884530067443848,
        2.8465216159820557,
        2.8453431129455566,
        2.881169319152832,
        2.884950637817383,
        2.7964608669281006,
        2.9148671627044678,
        2.857825517654419,
        2.8565104007720947,
        2.826727867126465,
        2.89846134185791,
        2.8421642780303955,
        2.8553507328033447,
        2.8284523487091064,
        2.9083385467529297,
        2.8025155067443848,
        2.812471866607666,
        2.8048689365386963,
        2.8507041931152344,
        2.8769514560699463,
        2.908961057662964,
        2.84623384475708,
        2.8438260555267334,
        2.8383407592773438,
        2.8204805850982666,
        2.848348379135132
    ],
    "val_accuracy": [
        0.11928661912679672,
        0.11868149042129517,
        0.12821343541145325,
        0.12417393922805786,
        0.13145461678504944,
        0.12396158277988434,
        0.11604703962802887,
        0.11878368258476257,
        0.1322593241930008,
        0.1251734346151352,
        0.12269065529108047,
        0.12743747234344482,
        0.13560588657855988,
        0.12333889305591583,
        0.12277688086032867,
        0.13111773133277893,
        0.12752369046211243,
        0.12774881720542908,
        0.11443442851305008,
        0.12068846821784973,
        0.1327878087759018,
        0.1260819286108017,
        0.12044738233089447,
        0.1303257942199707,
        0.11885872483253479,
        0.13043595850467682,
        0.133747398853302,
        0.11970813572406769,
        0.12280880659818649,
        0.13698698580265045,
        0.12270023673772812,
        0.12874671816825867,
        0.12732091546058655,
        0.13607530295848846,
        0.12211906164884567,
        0.13292992115020752,
        0.1289862096309662,
        0.1298324316740036,
        0.11901838332414627,
        0.1396821141242981,
        0.13931967318058014,
        0.1338958889245987,
        0.129675954580307,
        0.13092932105064392,
        0.11763569712638855,
        0.1325770616531372,
        0.13035932183265686,
        0.12924326956272125,
        0.1330656260251999,
        0.12492436170578003
    ]
}