{
    "loss": [
        2.226771354675293,
        2.193385362625122,
        2.1851983070373535,
        2.181016683578491,
        2.178196430206299,
        2.1757328510284424,
        2.1738545894622803,
        2.1721394062042236,
        2.17059588432312,
        2.169187545776367
    ],
    "accuracy": [
        0.28371313214302063,
        0.29245755076408386,
        0.29471200704574585,
        0.295559823513031,
        0.29638686776161194,
        0.29719078540802,
        0.29795917868614197,
        0.29865729808807373,
        0.2995122969150543,
        0.29993581771850586
    ],
    "val_loss": [
        2.201589345932007,
        2.18809175491333,
        2.181309223175049,
        2.1811206340789795,
        2.176469326019287,
        2.17507266998291,
        2.173839569091797,
        2.170988082885742,
        2.1691713333129883,
        2.1696109771728516
    ],
    "val_accuracy": [
        0.29004573822021484,
        0.2942017912864685,
        0.2951374351978302,
        0.2955014705657959,
        0.29660314321517944,
        0.2980034053325653,
        0.2991625666618347,
        0.2983562648296356,
        0.2995489537715912,
        0.30007582902908325
    ]
}