{
    "loss": [
        2.2264459133148193,
        2.1945953369140625,
        2.186375141143799,
        2.1813368797302246,
        2.178151845932007,
        2.17561674118042,
        2.173445224761963,
        2.1718578338623047,
        2.1708104610443115,
        2.170023202896118,
        2.1691737174987793,
        2.1687676906585693,
        2.1680877208709717,
        2.167513370513916,
        2.1670613288879395,
        2.166581869125366,
        2.166264533996582,
        2.165813684463501,
        2.1653287410736084,
        2.16512131690979,
        2.1651103496551514,
        2.1648428440093994,
        2.164639472961426,
        2.1647579669952393,
        2.164605140686035,
        2.1645123958587646,
        2.164250612258911,
        2.164271116256714,
        2.1644113063812256,
        2.1641945838928223,
        2.163952589035034,
        2.163686513900757,
        2.1637444496154785,
        2.163527488708496,
        2.1630680561065674,
        2.163095235824585,
        2.162980794906616,
        2.162781238555908,
        2.1627426147460938,
        2.16296648979187,
        2.1628236770629883,
        2.162626266479492,
        2.1629602909088135,
        2.1635544300079346,
        2.163341522216797,
        2.1631686687469482,
        2.1630961894989014,
        2.1631438732147217,
        2.163003921508789,
        2.1628217697143555
    ],
    "accuracy": [
        0.2841753363609314,
        0.2926303744316101,
        0.29502934217453003,
        0.29647350311279297,
        0.29776638746261597,
        0.2984740734100342,
        0.29934027791023254,
        0.3003345727920532,
        0.300497829914093,
        0.3008299469947815,
        0.3010454773902893,
        0.30123627185821533,
        0.30135124921798706,
        0.3017779290676117,
        0.3017987012863159,
        0.3021032512187958,
        0.30210524797439575,
        0.30252477526664734,
        0.30234915018081665,
        0.3024190068244934,
        0.3026808500289917,
        0.30273592472076416,
        0.30307281017303467,
        0.30283892154693604,
        0.302895188331604,
        0.3032492399215698,
        0.3030844032764435,
        0.30291515588760376,
        0.30331191420555115,
        0.3031778037548065,
        0.3033865690231323,
        0.30331951379776,
        0.30360570549964905,
        0.30348315834999084,
        0.30363762378692627,
        0.30355221033096313,
        0.30355140566825867,
        0.3037322461605072,
        0.3038867115974426,
        0.303713858127594,
        0.30355021357536316,
        0.3039725422859192,
        0.30319055914878845,
        0.303085595369339,
        0.30302491784095764,
        0.3032843768596649,
        0.30333706736564636,
        0.30309438705444336,
        0.30331429839134216,
        0.3033669888973236
    ],
    "val_loss": [
        2.2036993503570557,
        2.192610263824463,
        2.1846165657043457,
        2.179273843765259,
        2.1760385036468506,
        2.1770718097686768,
        2.174292802810669,
        2.1713240146636963,
        2.1726901531219482,
        2.1725401878356934,
        2.1701502799987793,
        2.167593479156494,
        2.1694397926330566,
        2.169316530227661,
        2.1672792434692383,
        2.1671624183654785,
        2.167742967605591,
        2.1656222343444824,
        2.166264057159424,
        2.1657350063323975,
        2.1647446155548096,
        2.167330026626587,
        2.1669280529022217,
        2.164921522140503,
        2.16890025138855,
        2.165330648422241,
        2.1646411418914795,
        2.164673089981079,
        2.1669423580169678,
        2.1646933555603027,
        2.1679134368896484,
        2.1662232875823975,
        2.1638197898864746,
        2.1638474464416504,
        2.164822816848755,
        2.1688761711120605,
        2.166995048522949,
        2.1632637977600098,
        2.1610960960388184,
        2.1648802757263184,
        2.1640377044677734,
        2.166337728500366,
        2.164275646209717,
        2.1681690216064453,
        2.1669886112213135,
        2.163222074508667,
        2.1647121906280518,
        2.1648271083831787,
        2.1643271446228027,
        2.162874221801758
    ],
    "val_accuracy": [
        0.29037466645240784,
        0.2944476902484894,
        0.29520609974861145,
        0.29599323868751526,
        0.2983482778072357,
        0.2980704605579376,
        0.298421710729599,
        0.3004925549030304,
        0.2995074391365051,
        0.29915139079093933,
        0.3004845678806305,
        0.3008486032485962,
        0.30101466178894043,
        0.2995840609073639,
        0.3015654981136322,
        0.3008677661418915,
        0.30144575238227844,
        0.3021019697189331,
        0.302347868680954,
        0.30334416031837463,
        0.30206844210624695,
        0.30237022042274475,
        0.3029354214668274,
        0.30376407504081726,
        0.3018321394920349,
        0.30321004986763,
        0.30372896790504456,
        0.3026895523071289,
        0.30254584550857544,
        0.3022121489048004,
        0.3025873601436615,
        0.3030072748661041,
        0.30371299386024475,
        0.30328190326690674,
        0.3023749887943268,
        0.30231592059135437,
        0.3025713860988617,
        0.3029130697250366,
        0.30386146903038025,
        0.3027198910713196,
        0.3031781017780304,
        0.30273425579071045,
        0.30288752913475037,
        0.30146491527557373,
        0.3024580180644989,
        0.3031749129295349,
        0.30140742659568787,
        0.3032068610191345,
        0.3036395311355591,
        0.3037608861923218
    ]
}