{
    "loss": [
        2.2900168895721436,
        2.267174482345581,
        2.2601473331451416,
        2.2557663917541504,
        2.2525734901428223,
        2.2504220008850098,
        2.2488441467285156,
        2.24745774269104,
        2.2461485862731934,
        2.2450408935546875,
        2.2441301345825195,
        2.243489980697632,
        2.2427451610565186,
        2.242569923400879,
        2.242016077041626,
        2.2413322925567627,
        2.241150140762329,
        2.2407734394073486,
        2.2405054569244385,
        2.2401037216186523,
        2.239957571029663,
        2.239586353302002,
        2.239483594894409,
        2.2393667697906494,
        2.2389700412750244,
        2.238542079925537,
        2.2386178970336914,
        2.2386739253997803,
        2.238260269165039,
        2.2381863594055176,
        2.237833261489868,
        2.237759590148926,
        2.2377512454986572,
        2.237344980239868,
        2.2370522022247314,
        2.2374298572540283,
        2.2372090816497803,
        2.237266778945923,
        2.237128973007202,
        2.2365989685058594,
        2.2365124225616455,
        2.2364377975463867,
        2.236499309539795,
        2.236675262451172,
        2.2362449169158936,
        2.2363107204437256,
        2.2363522052764893,
        2.235957622528076,
        2.2357146739959717,
        2.235792875289917
    ],
    "accuracy": [
        0.2698662281036377,
        0.2758105397224426,
        0.27731895446777344,
        0.2785727381706238,
        0.27924811840057373,
        0.27968519926071167,
        0.280280739068985,
        0.2805461883544922,
        0.2811201810836792,
        0.2816111445426941,
        0.28179076313972473,
        0.2820989191532135,
        0.2818027436733246,
        0.2821508049964905,
        0.2821033000946045,
        0.28229209780693054,
        0.2825140357017517,
        0.28245216608047485,
        0.2823803126811981,
        0.28281620144844055,
        0.28234440088272095,
        0.282916784286499,
        0.2826034426689148,
        0.282821387052536,
        0.2828361690044403,
        0.28300580382347107,
        0.283057302236557,
        0.282817006111145,
        0.2830648720264435,
        0.28328561782836914,
        0.28313472867012024,
        0.2833383083343506,
        0.2832704484462738,
        0.2834847867488861,
        0.2833171486854553,
        0.2831977903842926,
        0.2834508717060089,
        0.2837238907814026,
        0.28325527906417847,
        0.2836197316646576,
        0.2836253046989441,
        0.283730685710907,
        0.28363367915153503,
        0.2834313213825226,
        0.2838205099105835,
        0.2834596633911133,
        0.28368517756462097,
        0.28387758135795593,
        0.2838599979877472,
        0.2840076982975006
    ],
    "val_loss": [
        2.246866226196289,
        2.2334344387054443,
        2.2358617782592773,
        2.2282867431640625,
        2.221144914627075,
        2.2211008071899414,
        2.2190656661987305,
        2.21541690826416,
        2.216134548187256,
        2.2137725353240967,
        2.21283221244812,
        2.2135841846466064,
        2.213301658630371,
        2.210716485977173,
        2.214867353439331,
        2.209953784942627,
        2.210767984390259,
        2.209484577178955,
        2.210451364517212,
        2.2105228900909424,
        2.2088265419006348,
        2.208679676055908,
        2.2078027725219727,
        2.2090368270874023,
        2.209703207015991,
        2.208070993423462,
        2.207528829574585,
        2.20648193359375,
        2.2064321041107178,
        2.210625171661377,
        2.206976890563965,
        2.2085764408111572,
        2.20711612701416,
        2.2069499492645264,
        2.20685076713562,
        2.2060306072235107,
        2.2041923999786377,
        2.202873468399048,
        2.2052736282348633,
        2.202549934387207,
        2.2070229053497314,
        2.204604387283325,
        2.202732563018799,
        2.205232858657837,
        2.2028274536132812,
        2.2052366733551025,
        2.203162431716919,
        2.2015318870544434,
        2.2048532962799072,
        2.2038683891296387
    ],
    "val_accuracy": [
        0.2791678309440613,
        0.2857268452644348,
        0.2843712866306305,
        0.2851344645023346,
        0.28849539160728455,
        0.2874320447444916,
        0.2886933982372284,
        0.28880035877227783,
        0.2899962365627289,
        0.28902068734169006,
        0.28985095024108887,
        0.2903299331665039,
        0.2901958227157593,
        0.29132145643234253,
        0.2883181869983673,
        0.29140767455101013,
        0.28930172324180603,
        0.29048001766204834,
        0.29021337628364563,
        0.2895316183567047,
        0.29049918055534363,
        0.2905327081680298,
        0.29070356488227844,
        0.29085683822631836,
        0.29163122177124023,
        0.2924119532108307,
        0.292188435792923,
        0.2921660840511322,
        0.29122406244277954,
        0.28862473368644714,
        0.29130709171295166,
        0.2907291054725647,
        0.2921772599220276,
        0.2908424735069275,
        0.29158809781074524,
        0.29177969694137573,
        0.2924327254295349,
        0.2927153408527374,
        0.2906700372695923,
        0.2927057445049286,
        0.291465163230896,
        0.292764812707901,
        0.29255566000938416,
        0.29189783334732056,
        0.29188665747642517,
        0.2914619743824005,
        0.29239600896835327,
        0.29333004355430603,
        0.29224273562431335,
        0.2923656702041626
    ]
}