{
    "loss": [
        2.7171099185943604,
        2.689962863922119,
        2.6845741271972656,
        2.681912660598755,
        2.6803696155548096,
        2.6792118549346924,
        2.6783623695373535,
        2.6776201725006104,
        2.6772539615631104,
        2.676729440689087,
        2.6763713359832764,
        2.6759421825408936,
        2.6755690574645996,
        2.6752843856811523,
        2.674853801727295,
        2.674722194671631,
        2.674565315246582,
        2.6741719245910645,
        2.673929452896118,
        2.673915147781372,
        2.6737918853759766,
        2.6734466552734375,
        2.673370599746704,
        2.673204183578491,
        2.6731150150299072,
        2.6731460094451904,
        2.67270565032959,
        2.672834634780884,
        2.672555446624756,
        2.672452211380005,
        2.6724729537963867,
        2.6721596717834473,
        2.672071695327759,
        2.6721832752227783,
        2.672088146209717,
        2.6720809936523438,
        2.6718645095825195,
        2.6715571880340576,
        2.6715781688690186,
        2.6715922355651855,
        2.6712632179260254,
        2.6714000701904297,
        2.67130970954895,
        2.6710658073425293,
        2.6708502769470215,
        2.6710853576660156,
        2.670759439468384,
        2.670835018157959,
        2.670621395111084,
        2.670520782470703
    ],
    "accuracy": [
        0.2225819230079651,
        0.2302236557006836,
        0.231985941529274,
        0.23273520171642303,
        0.2332780659198761,
        0.23363350331783295,
        0.233966663479805,
        0.2340470850467682,
        0.2341231405735016,
        0.23424938321113586,
        0.23434026539325714,
        0.23437848687171936,
        0.2344842404127121,
        0.23456540703773499,
        0.23472344875335693,
        0.2347373217344284,
        0.2347743958234787,
        0.2348295897245407,
        0.234842449426651,
        0.23486553132534027,
        0.23497620224952698,
        0.2350817769765854,
        0.23506437242031097,
        0.23507730662822723,
        0.23514944314956665,
        0.23518376052379608,
        0.23529335856437683,
        0.23517006635665894,
        0.23525577783584595,
        0.23537111282348633,
        0.23536090552806854,
        0.23549485206604004,
        0.23551282286643982,
        0.23551982641220093,
        0.23558048903942108,
        0.23556675016880035,
        0.23558737337589264,
        0.23567970097064972,
        0.2357356995344162,
        0.23567162454128265,
        0.2358071506023407,
        0.23571942746639252,
        0.23570586740970612,
        0.23576463758945465,
        0.23580986261367798,
        0.23581837117671967,
        0.23596158623695374,
        0.23591770231723785,
        0.23587475717067719,
        0.23589569330215454
    ],
    "val_loss": [
        3.0052547454833984,
        2.997525691986084,
        2.986420154571533,
        2.95546817779541,
        2.984650135040283,
        2.9627525806427,
        2.939781665802002,
        2.9681267738342285,
        2.9532575607299805,
        2.98213791847229,
        2.9551963806152344,
        2.9552223682403564,
        2.9696338176727295,
        2.9355695247650146,
        2.938671588897705,
        2.9747815132141113,
        2.9714958667755127,
        2.956073760986328,
        2.9672138690948486,
        2.9732182025909424,
        2.950343608856201,
        2.961656093597412,
        2.9539308547973633,
        2.932399272918701,
        2.9688093662261963,
        2.9458508491516113,
        2.9642207622528076,
        2.933075428009033,
        2.9982845783233643,
        2.9740819931030273,
        2.9904732704162598,
        2.9328432083129883,
        2.9644205570220947,
        2.9723894596099854,
        2.9565341472625732,
        2.94057035446167,
        2.975562572479248,
        2.9411301612854004,
        2.934309959411621,
        2.9448437690734863,
        2.9759609699249268,
        2.930847406387329,
        2.9239535331726074,
        2.94836688041687,
        2.9327149391174316,
        2.9073548316955566,
        2.9384407997131348,
        2.9615275859832764,
        2.9598631858825684,
        2.9169833660125732
    ],
    "val_accuracy": [
        0.06303856521844864,
        0.07072319835424423,
        0.07260403782129288,
        0.08163783699274063,
        0.07773883640766144,
        0.08044833689928055,
        0.08542506396770477,
        0.07660362869501114,
        0.08252716064453125,
        0.07787933945655823,
        0.08123548328876495,
        0.0868668332695961,
        0.07674732059240341,
        0.08883070200681686,
        0.08801162242889404,
        0.08379808813333511,
        0.08363363146781921,
        0.08331111073493958,
        0.08292791992425919,
        0.08111413568258286,
        0.08982381224632263,
        0.0846666619181633,
        0.08447027206420898,
        0.09019742161035538,
        0.08352027088403702,
        0.0866161584854126,
        0.08469700068235397,
        0.09313683956861496,
        0.08442077785730362,
        0.08458203822374344,
        0.08346758782863617,
        0.086745485663414,
        0.08699136972427368,
        0.08307161927223206,
        0.08200985193252563,
        0.09228583425283432,
        0.09116978198289871,
        0.09175893664360046,
        0.09473507851362228,
        0.0901159942150116,
        0.08485347032546997,
        0.09374835342168808,
        0.09345138072967529,
        0.09061893820762634,
        0.09341146051883698,
        0.0966462567448616,
        0.08886263519525528,
        0.08733784407377243,
        0.08779128640890121,
        0.09822692722082138
    ]
}